no;title;source;year;vol;pages
P.101;Vorwort zur Gesamtausgabe der Werke von  Leonhard Euler (Ferdinand Rudio);;1911;I.1;IX–XLI
P.102;Aufruf zur Unterstützung der von der  Schweiz. Naturforschenden Gesellschaft in  Aussicht genommenen Herausgabe der  Werke Leonhard Eulers durch  Subskriptionen und durch Zeichnung von  freiwilligen Beiträgen.;Basel und Zürich,  April 1909;1911;I.1;XXII–XXV
X.101;Nicolaus Fuss: Lobrede auf Herrn  Leonhard Euler, in der Versammlung der  Kayserlichen Akademie der Wissenschaften  zu St. Petersburg den 23. Octob. 1783  vorgelesen. Von dem Verfasser selbst aus  dem französischen übersetzt etc.;Basel 1786;1786;I.1;XLIII–XCV
E.387;Vollständige Anleitung zur Algebra. Erster  Theil. Von den verschiedenen RechnungsArten, Verhältnissen und Proportionen.   (ˇContent);St. Petersburg 1770;1770;I.1;001–208
E.388;Vollständige Anleitung zur Algebra. Zweiter  Theil. Von Auflösung algebraischer  Gleichungen und der unbestimmten  Analytic. (ˇContent);St. Petersburg 1770;1770;I.1;209–498
X.102;Joseph Louis Lagrange: Additions à  l'analyse indéterminée. Élémens d'algebre  par M. Léonard Euler, traduits de  l'Allemand, avec des notes et des additions.;Tome second, Lyon  1774, p. 369–664.;1774;I.1;499–651
P.103;Vorwort des Herausgebers   (Ferdinand Rudio);;1915;I.2;VII–XXXIV
E.026;Observationes do theoremate quodam  Fermatiano aliisque ad numeros primos  spectantibus;Comm. Ac. Petrop. 6  (1732/3), 1738,   p. 103–107;1738;I.2;001–005
E.029;De solutione problematum Diophanteorum  per numeros integros;Comm. Ac. Petrop. 6  (1732/3), 1738,   p. 175–188;1738;I.2;006–017
E.036;Solutio problematis arithmetici de  inveniendo numero, qui per datos numeros  divisus relinquat data residua;Comm. Ac. Petrop. 7  (1734/5), 1740, p. 46– 66;1740;I.2;018–032
E.054;Theorematum quorundam ad numeros  primos spectantium demonstratio;Comm. Ac. Petrop. 8  (1736), 1741, p. 141– 146;1741;I.2;033–037
E.098;Theorematum quorundam arithmeticorum  demonstrationes;Comm. Ac. Petrop. 10  (1738), 1747, p. 125– 146;1747;I.2;038–058
E.100;De numeris amicabilibus  N. Acta erudit. 1747,   p. 267–269;De numeris amicabilibus  N. Acta erudit. 1747,   p. 267–269;1747;I.2;059–061
E.134;Theoremata circa divisores numerorum  N. Comm. Ac. Petrop.  1 (1747/8), 1750,   p. 20–48;Theoremata circa divisores numerorum  N. Comm. Ac. Petrop.  1 (1747/8), 1750,   p. 20–48;1750;I.2;062–085
E.152;De numeris amicabilibus  Opuscula varii  argumenti 2, 1750,   p. 23–107;De numeris amicabilibus  Opuscula varii  argumenti 2, 1750,   p. 23–107;1750;I.2;086–162
E.158;Observationes analyticae variae de  combinationibus;Comm. Ac. Petrop. 13  (1741/3), 1751, p. 64– 93;1751;I.2;163–193
E.164;Theoremata circa divisores numerorum in  hac forma paa qbb ±  contentorum;Comm. Ac. Petrop. 14  (1744/6), 1751,   p. 151–181;1751;I.2;194–222
E.167;Solutio problematis difficillimi a Fermatio  propositi;N. Comm. Ac. Petrop.  2 (1749), 1751, p. 49– 67;1751;I.2;223–240
E.175;Découverte d'une loi tout extraordinaire des  nombres par rapport à la somme de leurs  diviseurs;Bibliothèque  impartiale 3, 1751,   p. 10–31;1751;I.2;241–253
E.191;De partitione numerorum  N. Comm. Ac. Petrop.  3 (1750/1), 1753,   p. 125–169;De partitione numerorum  N. Comm. Ac. Petrop.  3 (1750/1), 1753,   p. 125–169;1753;I.2;254–294
E.228;De numeris, qui sunt aggregata duorum  quadratorum;N. Comm. Ac. Petrop.  4 (1752/3), 1758, p. 3– 40;1758;I.2;295–327
E.241;Demonstratio theorematis Fermatiani  omnem numerum primum formae 4 1 n +;N. Comm. Ac. Petrop.  5 (1754/5), 1760, p. 3– 13;1760;I.2;328–337
E.242;Demonstratio theorematis Fermatiani  omnem numerum sive integrum sive fractum  esse summam quatuor pauciorumve  quadratorum;N. Comm. Ac. Petrop.  5 (1754/5), 1760,   p. 13–58;1760;I.2;338–372
E.243;Observatio de summis divisorum  N. Comm. Ac. Petrop.  5 (1754/5), 1760,   p. 59–74;Observatio de summis divisorum  N. Comm. Ac. Petrop.  5 (1754/5), 1760,   p. 59–74;1760;I.2;373–389
E.244;Demonstratio theorematis circa ordinem in  summis divisorum observatum;N. Comm. Ac. Petrop.  5 (1754/5), 1760,   p. 75–83;1760;I.2;390–398
E.253;De problematibus indeterminatis, quae  videntur plus quam determinata;N. Comm. Ac. Petrop.  6 (1756/7), 1761,   p. 85–114;1761;I.2;399–427
E.255;Solutio generalis quorundam problematum  Diophanteorum, quae vulgo nonnisi  solutiones speciales admittere videntur;N. Comm. Ac. Petrop.  6 (1756/7), 1761,   p. 155–184;1761;I.2;428–458
E.256;Specimen de usu observationum in mathesi  pura;N. Comm. Ac. Petrop.  6 (1756/7), 1761,   p. 185–230;1761;I.2;459–492
E.262;Theoremata circa residua ex divisione  potestatum relicta;N. Comm. Ac. Petrop.  7 (1758/9), 1761,   p. 49–82;1761;I.2;493–518
E.270;Solutio problematis de investigatione trium  numerorum, quorum tam summa quam  productum nec non summa productorum ex  binis sint numeri quadrati;N. Comm. Ac. Petrop.  8 (1760/1), 1763,   p. 64–73;1763;I.2;519–530
E.271;Theoremata arithmetica nova methodo  demonstrata;N. Comm. Ac. Petrop.  8 (1760/1), 1763,   p. 74–104;1763;I.2;531–555
E.272;Supplementum quorundam theorematum  arithmeticorum, quae in nonnullis  demonstrationibus supponuntur;N. Comm. Ac. Petrop.  8 (1760/1), 1763,   p. 105–128;1763;I.2;559–575
E.279;De resolutione formularum quadraticarum  indeterminatarum per numeros integros;N. Comm. Ac. Petrop.  9 (1762/3), 1764,   p. 3–39;1764;I.2;576–611
P.104;Vorwort des Herausgebers   (Ferdinand Rudio);;1917;I.3;VII–XXXIV
E.283;De numeris primis valde magnis  N. Comm. Ac. Petrop.  9 (1762/3), 1764,   p. 99–153;De numeris primis valde magnis  N. Comm. Ac. Petrop.  9 (1762/3), 1764,   p. 99–153;1764;I.3;001–045
A.09;Albrecht Eulers Beantwortung einiger  arithmetischen Fragen;Abbandlungen der  Churfürstlichbaierischen Akademie  der Wissenschaften 2,  II, 1764, p. 3–36;1764;I.3;046–072
E.323;De usu novi algorithmi in problemate  Pelliano solvendo;N. Comm. Ac. Petrop.  11 (1765), 1767,   p. 28–66;1767;I.3;073–111
E.369;Quomodo numeri praemagni sint  explorandi, utrum sint primi necne;N. Comm. Ac. Petrop.  13 (1768), 1769, p. 67– 88;1769;I.3;112–130
E.394;De partitione numerorum in partes tam  numero quam specie datas;N. Comm. Ac. Petrop.  14 (1769): I, 1770,   p. 168–187;1770;I.3;131–147
E.405;Solutio problematis, quo duo quaeruntur  numeri, quorum productum tam summa  quam differentia eorum sive auctum sive  minutum fiat quadratum;N. Comm. Ac. Petrop.  15 (1770), 1771, p. 29– 50;1771;I.3;148–171
E.427;Problematis cuiusdam Diophantei evolutio  N. Comm. Ac. Petrop.  17 (1772), 1773, p. 24– 63;Problematis cuiusdam Diophantei evolutio  N. Comm. Ac. Petrop.  17 (1772), 1773, p. 24– 63;1773;I.3;172–210
E.428;Observationes circa bina biquadrata,  quorum summam in duo alia biquadrata  resolvere liceat;N. Comm. Ac. Petrop.  17 (1772), 1773,   p. 64–69;1773;I.3;211–217
E.445;Novae demonstrationes circa resolutionem  numerorum in quadrata;Acta Ac. Petrop. 1777:  II, 1780, p. 48–69;1773;I.3;218–239
E.449;Demonstrationes circa residua ex divisione  potestatum per numeros primos resultantia;N. Comm. Ac. Petrop.  18 (1773), 1774, p. 85– 135;1774;I.3;240–281
E.451;Solutio problematis de inveniendo triangulo,  in quo rectae ex singulis angulis latera  opposita bisecantes sint rationales;N. Comm. Ac. Petrop.  18 (1773), 1774,   p. 171–184;1774;I.3;282–296
E.452;Resolutio aequationis;N. Comm. Ac. Petrop.  18 (1773), 1774,   p. 185–197;1774;I.3;297–309
E.454;De resolutione irrationalium per fractiones  continuas, ubi simul nova quaedam et  singularis species minimi exponitur;N. Comm. Ac. Petrop.  18 (1773), 1774,   p. 218–244;1774;I.3;310–334
E.461;Extrait d'une lettre de M. Euler le père à  M. Bernoulli concernant le mémoire  imprimé parmi ceux de 1771 p. 318;Nouveaux mémoires  de l'académie des  sciences de Berlin  1772, 1774, Histoire,   p. 35–36;1774;I.3;335–337
E.466;Problema Diophanteum singulare  N. Comm. Ac. Petrop.  19 (1774), 1775,   p. 112–131;Problema Diophanteum singulare  N. Comm. Ac. Petrop.  19 (1774), 1775,   p. 112–131;1775;I.3;338–358
E.467;De tabula numerorum primorum usque ad  millionem et ultra continuanda, in qua simul  omnium numerorum non primorum minimi  divisores exprimantur;N. Comm. Ac. Petrop.  19 (1774), 1775,   p. 132–183;1775;I.3;359–404
E.474;Solutio quorundam problematum  Diophanteorum;N. Comm. Ac. Petrop.  20 (1775), 1776, p. 48– 58;1776;I.3;405–417
E.498;Extrait d'une lettre de M. Euler à M.  Beguelin en mai 1778;Nouveaux mémoires  de l'académie des  sciences de Berlin  1776, 1779, p. 337–339;1779;I.3;418–420
E.708a;Extrait d'une lettre de M. Fuss à   M. Beguelin écrite de Pétersbourg le;Nouveaux mémoires  de l'académie des  sciences de Berlin  1776, 1779, p. 340–346;1779;I.3;421–428
E.515;De casibus quibusdam maxime  memorabilibus in analysi indeterminata, ubi  imprimis insignis usus calculi angulorum in  analysi Diophantea ostenditur;Acta Ac. Petrop. 1778:  II, 1781, p. 85–110;1781;I.3;429–452
E.523;De tribus numeris quadratis, quorum tam  summa quam summa productorum ex binis  sit quadratum;Acta Ac. Petrop. 1779:  I, 1782, p. 30–39;1782;I.3;453–462
A.31;Ad dissertationem patris de tribus numeris,  quorum tam summa quam summa  productorum ex binis sit quadratum,  commentatio. Auctore I. A. Eulero;Acta Ac. Petrop. 1779:  I, 1782, p. 40–48;1782;I.3;463–471
E.541;Evolutio producti infiniti;Acta Ac. Petrop. 1780:  I, 1783, p. 47–55;1783;I.3;472–479
E.542;De mirabilibus proprietatibus numerorum  pentagonalium;Acta Ac. Petrop. 1780:  I, 1783, p. 56–75;1783;I.3;480–496
E.552;Observationes circa divisionem  quadratorum per numeros primos;Opuscula analytica 1,  1783, p. 64–84;1783;I.3;497–512
E.554;Disquisitio accuratior circa residua ex  divisione quadratorum altiorumque  potestatum, per numeros primos relicta;Opuscula analytica 1,  1783, p. 121–156;1783;I.3;513–543
P.105;Vorwort des Herausgebers (Rudolf Fueter);;1941;I.4;VII–XXX
E.556;De Criteriis aequationis fxx gyy hzz + = ,;Opuscula analytica 1,  1783, p. 211–241;1783;I.4;001–024
E.557;De quibusdam eximiis proprietatibus circa  divisores potestatum occurrentibus;Opuscula analytica 1,  1783, p. 242–295;1783;I.4;025–064
E.558;Proposita quacunque progressione ab  unitate incipiente, quaeritur, quot eius  terminos ad minimum addi oporteat, ut  omnes numeri producantur;Opuscula analytica 1,  1783, p. 296–309;1783;I.4;065–075
E.559;Nova subsidia pro resolutione formulae;Opuscula analytica 1,  1783, p. 310–328;1783;I.4;076–090
E.560;Miscellanea analytica  Opuscula analytica 1,  1783, p. 329–344;Miscellanea analytica  Opuscula analytica 1,  1783, p. 329–344;1783;I.4;091–104
E.564;Speculationes circa quasdam insignes  proprietates numerorum;Acta Ac. Petrop. 4 II  (1780: II), 1784, p. 18– 30;1784;I.4;105–115
E.566;De inductione ad plenam certitudinem  evehenda;Acta Ac. Petrop. 4 II  (1780: II), 1784, p. 38– 48;1784;I.4;116–124
E.586;Considerationes super theoremate  Fermatiano de resolutione numerorum in  numeros polygonales;Opuscula analytica 2,  1785, p. 3–15;1785;I.4;125–135
E.591;De relatione inter ternas pluresve  quantitates instituenda;Opuscula analytica 2,  1785, p. 91–101;1785;I.4;136–145
E.596;De summa seriei ex numeris primis formatae  1 1 1 1 1 1 1 3 5 7 11 13 17 19 − + + − − + +;Opuscula analytica 2,  1785, p. 240-256;1785;I.4;146–162
E.598;De insigni promotione scientiae numerorum  Opuscula analytica 2,  1785, p. 275–314;De insigni promotione scientiae numerorum  Opuscula analytica 2,  1785, p. 275–314;1785;I.4;163–196
E.610;Novae demonstrationes circa divisores  numerorum formae xx nyy +;N. Acta Ac. Petrop. 1  (1783), 1787, p. 47–74;1787;I.4;197–220
E.683;De singulari genere quaestionum  Diophantearum et methodo maxime  recondita eas resolvendi;N. Acta Ac. Petrop. 9  (1791), 1795, p. 3–18;1795;I.4;221–234
E.696;De casibus quibus hanc formulam;N. Acta Ac. Petrop. 10  (1792), 1797, p. 27–40;1797;I.4;235–244
E.699;Utrum hic numerus 1000009 sit primus  necne inquiritur;N. Acta Ac. Petrop. 10  (1792), 1797, p. 63–73;1797;I.4;245–254
E.702;De novo genere quaestionum  arithmeticarum pro quibus solvendis certa  methodus adhuc desideratur;N. Acta Ac. Petrop. 11  (1793), 1798, p. 78–93;1798;I.4;255–268
E.708;De formulis speciei mxx nyy +  ad numeros;N. Acta Ac. Petrop. 12  (1794), 1801, p. 22–46;1801;I.4;269–289
E.713;Investigatio trianguli in quo distantiae  angulorum ab eius centro gravitatis  rationaliter exprimantur;N. Acta Ac. Petrop. 12  (1794), 1801, p. 101– 113;1801;I.4;290–302
E.715;De variis modis numeros praegrandes  examinandi, utrum sint primi necne?;N. Acta Ac. Petrop. 13  (1795/6), 1802, p. 14– 44;1802;I.4;303–328
E.716;Resolutio formulae diophanteae;N. Acta Ac. Petrop. 13  (1795/6), 1802, p. 45– 63;1802;I.4;329–351
E.718;Facillima methodus plurimos numeros  primos praemagnos inveniendi;N. Acta Ac. Petrop. 14  (1797/8), 1805, p. 3– 10;1805;I.4;352–359
E.719;Methodus generalior numeros quosvis satis  grandes perscrutandi utrum sint primi  necne?;N. Acta Ac. Petrop. 14  (1797/8), 1805, p. 11– 51;1805;I.4;360–394
E.725;Illustratio paradoxi circa progressionem  numerorum idoneorum sive congruorum;N. Acta Ac. Petrop. 15  (1799/1802), 1806,   p. 29–32;1806;I.4;395–398
E.732;Solutio facilior problematis Diophantei circa  triangulum, in quo rectae ex angulis latera  opposita bisecantes rationaliter exprimantur;Mém. Ac. Pét. 2  (1807/8), 1810, p. 10– 16;1810;I.4;399–405
E.739;Regula facilis problemata Diophantea per  numeros integros expedite resolvendi;Mém. Ac. Pét. 4  (1811), 1813, p. 3–17;1813;I.4;406–417
E.744;De divisoribus numerorum in forma  mxx nyy +  contentorum;Mém. Ac. Pét. 5  (1812), 1815, p. 3–23;1815;I.4;418–431
P.106;Vorwort der Redaktion (Andreas Speiser);;1944;I.5;VII
P.107;Vorwort des Herausgebers (Rudolf Fueter);;1944;I.5;VIII–XXXVII
P.108;Andreas Speiser: Übersicht über die  Zahlentheorie in Eulers Algebra;Andreas Speiser: Übersicht über die  Zahlentheorie in Eulers Algebra;1944;I.5;XXXVIII–XLIV
E.748;Investigatio quadrilateri, in quo singulorum  angulorum sinus datam inter se teneant  rationem, ubi artificia prorsus singularia in  Analysi Diophantea occurrunt;Mém. Ac. Pét. 5  (1812), 1815, p. 73–95;1815;I.5;001–019
E.753;Solutio succincta et elegans problematis,  quo quaeruntur tres numeri tales, ut tam  summae quam differentiae binorum sint  quadrata;Mém. Ac. Pét. 6  (1813/4), 1818, p. 54– 65;1818;I.5;020–027
E.754;Problème de géométrie résolu par l'analyse  de Diophante;Mém. Ac. Pét. 7  (1815/6), 1820, p. 3–9;1820;I.5;028–034
E.755;De casibus, quibus formulam;Mém. Ac. Pét. 7  (1815/6), 1820, p. 10– 22;1820;I.5;035–047
E.758;De binis formulis speciei xx myy +  et;Mém. Ac. Pét. 8  (1817/8), 1822, p. 3– 16;1822;I.5;048–061
E.763;De tribus pluribusve numeris inveniendis,  quorum summa sit quadratum, quadratorum  vero summa biquadratum;Mém. Ac. Pét. 9  (1819/20), 1824, p. 3– 13;1824;I.5;061–070
E.764;Resolutio facilis quaestionis difficillimae,  qua haec formula maxime generalis;Mém. Ac. Pét. 9  (1819/20), 1824,   p. 14–19;1824;I.5;071–076
E.769;Solutio problematis Fermatiani de duobus  numeris, quorum summa sit quadratum,  quadratorum vero summa biquadratum, ad  mentem illustris La Grange adornata;Mém. Ac. Pét. 10  (1821/2), 1826, p. 3–6;1826;I.5;077–081
E.772;De insigni promotione Analysis  Diophantaeae;Mém. Ac. Pét. 11,  1830, p. 1–11;1830;I.5;082–093
E.773;Solutio problematis difficillimi, quo hae  duae formulae aaxx bbyy +  et aayy bbxx +;Mém. Ac. Pét. 11,  1830, p. 12–30;1830;I.5;094–115
E.774;Investigatio binorum numerorum formae;Mém. Ac. Pét. 11,  1830, p. 31–45;1830;I.5;116–130
E.775;De binis numeris, quorum summa sive aucta  sive minuta tam unius quam alterius  quadrato producat quadrata;Mém. Ac. Pét. 11,  1830, p. 46–48;1830;I.5;131–134
E.776;Dilucidationes circa binas summas duorum  biquadratorum inter se aequales;Mém. Ac. Pét., 11,  1830, p. 49–57;1830;I.5;135–145
E.777;De resolutione huius aequationis  0 a bx cy dxx exy fyy gxxy hxyy ixxyy = + + + + + + + +;Mém. Ac. Pét. 11,  1830, p. 58–68;1830;I.5;146–156
E.778;Methodus nova et facilis formulas cubicas et  biquadraticas ad quadratum reducendi;Mém. Ac. Pét. 11,  1830, p. 69–91;1830;I.5;157–181
E.792;Tractatus de numerorum doctrina capita  sedecim, quae supersunt  (ˇContent);Commentationes  arithmeticae 2, 1849,   p. 503–575;1849;I.5;182–283
E.793;Considerationes circa Analysin  Diophanteam;Commentationes  arithmeticae 2, 1849,   p. 576–587;1849;I.5;284–302
E.796;Recherches sur le problème de trois  nombres carrés tels que la somme de deux  quelconques moins le troisième fasse un  nombre carré;Commentationes  arithmeticae 2, 1849,   p. 603–616;1849;I.5;303–329
E*1944;Leonhard Euler: Solution d'un problème;Manuscriptum manu  A. Wilbrechti factum  et academiae scientiarum Petropolitanae  relictum. Prima editio.  Présenté à l'Académie  de St-Pétersbourg le  1er mars 1781;1944;I.5;330–336
E*1944;Leonhard Euler: Supplément au problème;Manuscriptum manu  A. Wilbrechti factum  et academiae scientiarum Petropolitanae  relictum. Prima editio.  Présenté à l'Académie  de St-Pétersbourg par  L. Euler le 23 avril  1781;1944;I.5;337–339
E.797;Recherches ultérieures et très curieuses sur  le problème de quatre nombres positifs et en  proportion arithmétique tels que la somme  de deux quelconques soit toujours un  nombre carré;Commentationes  arithmeticae 2, 1849,   p. 617–625;1849;I.5;340–352
E.798;De numeris amicabilibus  Commentationes  arithmeticae 2, 1849,   p. 627–636;De numeris amicabilibus  Commentationes  arithmeticae 2, 1849,   p. 627–636;1849;I.5;353–365
E.799;Fragmenta commentationis cuiusdam  maioris, de invenienda relatione inter latera  triangulorum, quorum area rationaliter  exprimi possit, et de triangulo, in quo rectae  ex singulis angulis latera opposita bisecantes  sint rationales;Commentationes  arithmeticae 2, 1849,   p. 648–651;1849;I.5;366–370
I.101;Index nominum (I.2–5);;1944;I.5;371–374
P.109;Vowort (Ferdinand Rudio);Vowort (Ferdinand Rudio);1921;I.6;VII–XXVI
E.030;De formis radicum aequationum cuiusque  ordinis coniectatio;Comm. Ac. Petrop. 6  (1732/3), 1738,   p. 216–231;1738;I.6;001–019
E.153;Demonstratio gemina theorematis  Neutoniani, quo traditur relatio inter  coefficientes cuiusvis aequationis  algebraicae et summas potestatum radicum  eiusdem;Opuscula varii  argumenti 2, 1750,   p. 108–120;1750;I.6;020–030
E.157;De extractione radicum ex quantitatibus  irrationalibus;Comm. Ac. Petrop. 13  (1741/3), 1751, p. 16– 60;1751;I.6;031–077
E.170;Recherches sur les racines imaginaires des  équations;Mém. Berlin [5]  (1749), 1751, p. 222– 288;1751;I.6;078–147
X.103;C. F. Gauss: Demonstratio nova  theorematis omnem functionem algebraicam  rationalem integram unius variabilis in  factores reales primi vel secundi gradus  resolvi posse. [Pars prima];Carl Friedrich  Gauss Werke, dritter  Band,   p. 1–30;1799;I.6;151–169
E.282;De resolutione aequationum cuiusvis gradus  N. Comm. Ac. Petrop.  9 (1762/3), 1764,   p. 70–98;De resolutione aequationum cuiusvis gradus  N. Comm. Ac. Petrop.  9 (1762/3), 1764,   p. 70–98;1764;I.6;170–196
E.310;Nouvelle méthode d'éliminer les quantités  inconnues des équations;Mémoires de  l'academie des sciences  de Berlin [20] (1764),  1766, p. 91–104;1766;I.6;197–211
E.370;Nova criteria radices aequationum,  imaginarias dignoscendi;N. Comm. Ac. Petrop.  13 (1768), l769, p. 89– 119;1769;I.6;212–239
E.395;De inventione quotcumque mediarum  proportionalium citra radicum extractionem;N. Comm. Ac. Petrop.  14 (1769): I, 1770,   p. 188–214;1770;I.6;240–262
E.406;Observationes circa radices aequationum  N. Comm. Ac. Petrop.  15 (1770), 1771, p. 51– 74;Observationes circa radices aequationum  N. Comm. Ac. Petrop.  15 (1770), 1771, p. 51– 74;1771;I.6;263–286
E.407;Problema algebraicum ob affectiones  prorsus singulares memorabile;N. Comm. Ac. Petrop.  15 (1770), 1771, p. 75– 106;1771;I.6;287–315
E.450;Nova ratio quantitates irrationales proxime  exprimendi;N. Comm. Ac. Petrop.  18 (1773), 1774, p.  136–170;1773;I.6;316–349
E.532;De serie Lambertina plurimisque eius  insignibus proprietatibus;Acta Ac. Petrop. 1779:  II, 1783, p. 29–51;1783;I.6;350–369
E.540;Nova methodus fractiones quascumque  rationales in fractiones simplices resolvendi;Acta Ac. Petrop. 1780:  I, 1783, p. 32–46;1780;I.6;370–383
E.631;Analysis facilis et plana ad eas series  maxime abstrusas perducens, quibus  omnium aequationum algebraicarum non  solum radices ipsae sed etiam quaevis earum  potestates exprimi possunt;N. Acta Ac. Petrop. 4  (1786), 1789, p. 55–73;1789;I.6;384–404
E.632;De innumeris generibus serierum maxime  memorabilium, quibus omnium  aequationum algebraicarum non solum  radices ipsae sed etiam quaecumque earum  potestates exprimi possunt;N. Acta Ac. Petrop. 4  (1786), 1789, p. 74–95;1789;I.6;405–424
E.643;Methodus generalis investigandi radices  omnium aequationum per approximationem;N. Acta Ac. Petrop. 6  (1788), 1790, p. 16–24;1790;I.6;425–433
E.644;Innumerae aequationum formae ex omnibus  ordinibus, quarum resolutio exhiberi potest;N. Acta Ac. Petrop. 6  (1788), 1790, p. 25–35;1790;I.6;434–446
E.711;Methodus nova ac facilis omnium  aequationum algebraicarum radices non  solum ipsas sed etiam quascumque earum  potestates per series concinnas exprimendi;N. Acta Ac. Petrop. 12  (1794), 1801, p. 71–90;1801;I.6;447–464
E.728;De resolutione fractionum compositarum in  simpliciores;Mém. Ac. Pét. 1  (1803/6), 1809, p. 3– 25;1809;I.6;465–485
E.794;Theorema arithmeticum eiusque  demonstratio;Opera postuma 1,  1862, p. 152–156;1849;I.6;486–483
E.808;Problema algebraicum de inveniendis  quatuor numeris ex datis totidem productis  uniuscuiusque horum numerorum in  summas trium reliquorum;Opera postuma 1,  1862, p. 282–287;1862;I.6;494–503
E.819d;Fragmentum ex Adversariis mathematicis  depromptum;Opera postuma 1,  1862, p. 504–506;1862;I.6;504–509
P.110;Preface de l'editeur   (Louis Gustave du Pasquier);Preface de l'editeur   (Louis Gustave du Pasquier);1923;I.7;VII–LIII
E.053;Solutio problematis ad geometriam situs  pertinentis;Comm. Ac. Petrop. 8  (1736), 1741, p. 128– 140;1741;I.7;001–010
E.201;Calcul de la probabilité dans le jeu de  rencontre;Mém. Berlin [7]  (1751), 1753, p. 255– 270;1753;I.7;011–025
E.309;Solution d'une question curieuse qui ne  paroit soumise à aucune analyse;Commentationes  arithmeticae 1, 1849,  p. 337–355;1766;I.7;026–056
E.313;Sur l'avantage du banquier au jeu de  Pharaon;Mém. Berlin [20]  (1764), 1766, p. 144– 164;1766;I.7;057–078
E.334;Recherches générales sur la mortalité et la  multiplication du genre humain;Mém. Berlin [16]  (1760), 1767, p. 144– 164;1767;I.7;079–100
E.335;Sur les rentes viagères  Mém. Berlin [16]  (1760), 1767, p. 165– 175;Sur les rentes viagères  Mém. Berlin [16]  (1760), 1767, p. 165– 175;1767;I.7;101–112
E.338;Sur la probabilité des séquences dans la  lotterie Génoise;Mém. Berlin [21]  (1765), 1767, p. 191– 230;1767;I.7;113–152
E.403;Des Herrn Leonhard Eulers nöthige  Berechnung zur Einrichtung einer  Witwencasse;Neues Hamburgisches  Magazin. Drey und  vierzigstes Stück,  Leipzig 1770, p. 3–13;1770;I.7;153–162
E.412;Solution d'une question très difficile dans le  calcul des probabilités;Mém. Berlin [25]  (1769), 1771, p. 285– 302;1771;I.7;162–179
E.473;Éclaircissemens sur les établissemens  publics en faveur tant des veuves que des  morts, avec la déscription d'une nouvelle  espece de Tontine aussi favorable au Public  qu'utile à l'État. Calculés sous la direction de  Monsieur Léonard Euler. Par Mr. Nicolas  Fuss, Adjoint de l'Académie impériale des  Sciences. St. Petersbourg [1776];Éclaircissemens sur les établissemens  publics en faveur tant des veuves que des  morts, avec la déscription d'une nouvelle  espece de Tontine aussi favorable au Public  qu'utile à l'État. Calculés sous la direction de  Monsieur Léonard Euler. Par Mr. Nicolas  Fuss, Adjoint de l'Académie impériale des  Sciences. St. Petersbourg [1776];1776;I.7;181–245
E.476;Observationes circa novum et singulare  progressionum genus;N. Comm. Ac. Petrop.  20 (1775), 1776,   p. 123–139;1776;I.7;246–261
X.104;Daniel Bernoulli: Diiudicatio maxime  probabilis plurium observationum  discrepantium atque verisimillima inductio  inde formanda;Acta Ac. Petrop.  (1777: I), 1778,   p. 3–23;1778;I.7;262–279
E.488;Observationes in praecedentem  dissertationem illustris Bernoulli;Acta Ac. Petrop.  (1777: I), 1778,   p. 24–33;1778;I.7;280–290
E.530;Recherches sur une nouvelle espèce de  quarrés magiques;Commentationes  arithmeticae 2, 1849,  p. 302–361;1782;I.7;291–392
E.599;Solutio quaestionis ad calculum  probabilitatis pertinentis: Quantum duo  coniuges persolvere debeant, ut suis  haeredibus post utriusque mortem certa  argenti summa persolvatur;Opuscula analytica 2,  1785, p. 315–330;1785;I.7;393–407
E.600;Solutio quarundam quaestionum  difficiliorum in calculo probabilium;Opuscula analytica 2,  1785, p. 331–346;1785;I.7;408–424
E.628;Éclaircissemens sur le mémoire de Mr. de  La Grange inséré dans le Ve. volume des  Mélanges de Turin, concernant la méthode  de prendre le milieu entre les résultats de  plusieurs observations etc.;N. Acta Ac. Petrop. 3  (1785), 1788, p. 289– 297;1788;I.7;425–434
E.738;Solutio quaestionis curiosae ex doctrina  combinationum;Mém. Ac. Pét. 3  (1809/10), 1811, p.  57–64;1811;I.7;435–440
E.795;De quadratis magicis   Commentationes  aritbmeticae 2, 1849,  p. 593–602;Opera postuma 1,  1862, p. 140–151;1849;I.7;441–457
E.811;Vera aestimatio sortis in ludis   Opera postuma 1,  1862, p. 815–318;Vera aestimatio sortis in ludis   Opera postuma 1,  1862, p. 815–318;1862;I.7;458–465
E.812;Réflexions sur une espèce singulière de  loterie, nommée Loterie Génoise;Opera postuma 1,  1862, p. 319–335;1862;I.7;466–494
E.813;Analyse d'un problème du calcul des  probabilités;Opera postuma 1,  1862, p. 336–341;1862;I.7;495–506
X.105;Johann Peter Süssmilch: Von der  Geschwindigkeit der Vermehrung und von  der Zeit der Verdoppelung.  Achtes Capitel aus dem Werke Die göttliche  Ordnung in den Veränderungen des  menschlichen Geschlechts, aus der Geburt,  dem Tode und der Fortpflanzung desselben  erwiesen von Johann Peter Süssmilch.  Erster Theil. Zwote und ganz umgearbeitete  Ausgabe.;Berlin 1761;1761;I.7;507–534
E*1923;Leonhard Euler: Fragmenta ex Adversariis;Ex manuscriptis  academiae scientiarum  Petropolitanae nunc  primum edita;1923;I.7;535–552
E*1923;Leonhard Euler: Sur le calcul des rentes;Fragment. Publié ici  pour la première fois,  d'apres un manuscrit  d'Euler en possession  de Monsieur DavidEugène Smith à  New-York;1923;I.7;553–577
I.102;Index nominum (I.7);;1923;I.7;579–580
P.111;Vorwort der Herausgeber   (Adolf Krazer, Ferdinand Rudio);;1922;I.8;VII–XI
E.101;Introductio in analysin infinitorum.   Tomus primus (ˇContent);Lausanne;1748;I.8;001–390
I.103;Index nominum (I.8);;1922;I.8;391–392
P.112;Vorwort des Herausgebers   (Andreas Speiser);;1945;I.9;VII–XXXII
P.113;Übersicht über den Band 10 der ersten  Serie: Institutiones calculi differentialis  (Andreas Speiser);;1945;I.9;XXXIII–L
E.102;Introductio in analysin infinitorum.   Tomus secundus. (ˇContent);Lausanne;1748;I.9;001–402
I.104;Index nominum (I.9);;1945;I.9;403
E.212;Institutiones calculi  differentialis.(ˇContent);St. Petersburg 1755;1755;I.10;001–676
P.114;Vorwort der Herausgeber   (Friedrich Engel, Ludwig Schlesinger);;1913;I.11;VII–XV
E.342;Institutiones calculi integralis.   Volumen primum. (ˇContent);St. Petersburg 1768;1768;I.11;001–462
P.115;Vorwort des Herausgerbers   (Ludwig Schlesinger);;1914;I.12;VII–XI
E.366;Institutiones calculi integralis.   Volumen secundum. (ˇContent);St. Petersburg 1769;1769;I.12;001–413
X.106;Lorenzo Mascheroni: Adnotationes ad  calculum integralem Euleri. (ˇContent);Ticini 1790;1790;I.12;417–487
X.107;Lorenzo Mascheroni: Adnotationum ad  calculum integralem Euleri. Pars altera.   (ˇContent);Ticini 1792;1792;I.12;489–542
P.116;Vorwort der Herausgeber.  (F. Engel);;1914;I.13;VII–XVII
E.385;Institutiones calculi integralis.   Volumen tertium. (ˇContent);St. Petersburg 1770;1770;I.13;001–505
I.105;Index nominum (I.13);;1914;I.13;507–508
E.019;De progressionibus transcendentibus seu  quarum termini generales algebraice dari  nequeunt;Comm. Ac. Petrop. 5  (1730/1), 1738, p. 36– 57;1738;I.14;001–024
E.020;De summatione innumerabilium  progressionum;Comm. Ac. Petrop. 5  (1730/1), 1738, p. 91– 105;1738;I.14;025–041
E.025;Methodus generalis summandi  progressiones;Comm. Ac. Petrop. 6  (1732/3), 1738, p. 68– 97;1738;I.14;042–072
E.041;De summis serierum reciprocarum  Comm. Ac. Petrop. 7  (1734/5), 1740,   p. 123–134;De summis serierum reciprocarum  Comm. Ac. Petrop. 7  (1734/5), 1740,   p. 123–134;1740;I.14;073–086
E.043;De progressionibus harmonicis  observationes;Comm. Ac. Petrop. 7  (1734/5), 1740,   p. 150–161;1740;I.14;087–100
E.046;Methodus universalis serierum  convergentium summas quam proximo  inveniendi;Comm. Ac. Petrop. 8  (1736), 1741, p. 3–9;1741;I.14;101–107
E.047;Inventio summae cuiusque seriei ex dato  termino generali;Comm. Ac. Petrop. 8  (1736), 1741, p. 9–22;1741;I.14;108–123
E.055;Methodus universalis series summandi  ulterius promota;Comm. Ac. Petrop. 8  (1736), 1741, p. 147– 158;1741;I.14;124–137
E.061;De summis serierum reciprocarum ex  potestatibus numerorum naturalium  ortarum dissertatio altera, in qua eaedem  summationes ex fonte maxime diverso  derivantur;Miscellanea  Berolinensia 7, 1743,  p. 172–192;1743;I.14;138–155
P.117;Paul Stäckel: Eine vergessene Abhandlung  Leonhard Eulers über die Summe der  reziproken Quadrate der natürlichen Zahlen;Bibl. math. 83, 1907– 1908, p. 37–54;1908;I.14;156–176
E.063;Démonstration de la somme de cette suite;"Journal littéraire  d'Allemagne, de Suisse  et du Nord (La Haye)  2:1, 1743, p. 115–127;  Bibl. math. 83, 1907– 1908, p. 54–60";1743;I.14;177–186
E.071;De fractionibus continuis dissertatio  Comm. Ac. Petrop. 9  (1737), 1744, p. 98– 137;De fractionibus continuis dissertatio  Comm. Ac. Petrop. 9  (1737), 1744, p. 98– 137;1744;I.14;187–215
E.072;Variae observationes circa series infinitas  Comm. Ac. Petrop. 9  (1737), 1744, p. 160– 188;Variae observationes circa series infinitas  Comm. Ac. Petrop. 9  (1737), 1744, p. 160– 188;1744;I.14;216–244
E.074;De variis modis circuli quadraturam numeris  proxime exprimendi;Comm. Ac. Petrop. 9  (1737), 1744, p. 222– 236;1744;I.14;245–259
E.122;De productis ex infinitis factoribus ortis  Comm. Ac. Petrop. 11  (1739), 1750, p. 3–31;De productis ex infinitis factoribus ortis  Comm. Ac. Petrop. 11  (1739), 1750, p. 3–31;1750;I.14;260–290
E.123;De fractionibus continuis observationes  Comm. Ac. Petrop. 11  (1739), 1750, p. 32–81;De fractionibus continuis observationes  Comm. Ac. Petrop. 11  (1739), 1750, p. 32–81;1750;I.14;291–349
E.125;Consideratio progressionis cuiusdam ad  circuli quadraturam inveniendam idoneae;Comm. Ac. Petrop. 11  (1739), 1750, p. 116– 127;1750;I.14;350–362
E.128;Methodus facilis computandi angulorum  sinus ac tangentes tam naturales quam  artificiales;Comm. Ac. Petrop. 11  (1739), 1750, p. 194– 230;1750;I.14;362–406
E.130;De seriebus quibusdam considerationes  Comm. Ac. Petrop. 12  (1740), 1750, p. 53–96;De seriebus quibusdam considerationes  Comm. Ac. Petrop. 12  (1740), 1750, p. 53–96;1750;I.14;407–462
E.189;De serierum determinatione seu nova  methodus inveniendi terminos generales  serierum;N. Comm. Ac. Petrop.  3 (1750,/1), 1753,   p. 36–85;1753;I.14;463–515
E.190;Consideratio quarumdam serieram, quae  singularibus proprietatibus sunt praeditae;N. Comm. Ac. Petrop.  3 (1750/1), 1753,   p. 86–108;1753;I.14;516–541
E.246;Subsidium calculi sinuum  N. Comm. Ac. Petrop.  5 (1754/5), 1760,   p. 164–204;Subsidium calculi sinuum  N. Comm. Ac. Petrop.  5 (1754/5), 1760,   p. 164–204;1760;I.14;542–584
E.247;De seriebus divergentibus  N. Comm. Ac. Petrop.  5 (1754/5), 1760,   p. 205–237;De seriebus divergentibus  N. Comm. Ac. Petrop.  5 (1754/5), 1760,   p. 205–237;1760;I.14;585–617
E.275;Annotationes in locum quendam Cartesii  ad circuli quadraturam spectantem;N. Comm. Ac. Petrop.  8 (1760/1), 1763,   p. 157–168;1763;I.15;001–015
E.280;De progressionibus arcuum circularium,  quoram tangentes secundum certam legem  procedunt;N. Comm. Ac. Petrop.  8 (1762/3), 1764,   p. 40–52;1764;I.15;016–030
E.281;Specimen algorithmi singularis  N. Comm. Ac. Petrop.  9 (1762/3), 1764,   p. 53–69;Specimen algorithmi singularis  N. Comm. Ac. Petrop.  9 (1762/3), 1764,   p. 53–69;1764;I.15;031–049
E.326;Observationes analyticae  N. Comm. Ac. Petrop.  11 (1765), 1767,   p. 124–143;Observationes analyticae  N. Comm. Ac. Petrop.  11 (1765), 1767,   p. 124–143;1767;I.15;050–069
E.352;Remarques sur un beau rapport entre les  séries des puissances tant directes que  réciproques;Mém. Berlin [17]  (1761), 1768, p. 83– 106;1768;I.15;070–090
E.393;De summis serierum numeros  Bernoullianos involventium;N. Comm. Ac. Petrop.  14 (1769: I), 1770,   p. 129–167;1770;I.15;091-130
E.432;Exercitationes analyticae  N. Comm. Ac. Petrop.  17 (1772), 1773,   p. 173–204;Exercitationes analyticae  N. Comm. Ac. Petrop.  17 (1772), 1773,   p. 173–204;1773;I.15;131–167
E.447;Summatio progressionum;N. Comm. Ac. Petrop.  18 (1773), 1774, p. 24– 36;1774;I.15;168–184
E.453;Insignes proprietates serierum sub hoc  termino generali contentarum;N. Comm. Ac. Petrop.  18 (1773), 1774, p.  198–217;1774;I.15;185–206
E.465;Demonstratio theorematis Neutoniani de  evolutione potestatum binomii pro casibus,  quibus exponentes non sunt numeri integri;N. Comm. Ac. Petrop.  19 (1774), 1775,   p. 103–111;1775;I.15;207–216
E.477;Meditationes circa singulare serierum genus  N. Comm. Ac. Petrop.  20 (1775), 1776,   p. 140–186;Meditationes circa singulare serierum genus  N. Comm. Ac. Petrop.  20 (1775), 1776,   p. 140–186;1776;I.15;217–267
E.489;De formulis ezponentialibus replicatis  Acta Ac. Petrop. 1 I  (1777: I), 1778,   p. 38–60;De formulis ezponentialibus replicatis  Acta Ac. Petrop. 1 I  (1777: I), 1778,   p. 38–60;1778;I.15;268–297
E.507;De infinities infinitis gradibus tam infinite  magnorum quam infinite parvorum;Acta Ac. Petrop. 2 I  (1778: I), 1780,   p. 102–118;1780;I.15;298–313
E.522;De formatione fractionum continuarum  Acta Ac. Petrop. 3 I  (1779: I), 1782,   p. 3–29;De formatione fractionum continuarum  Acta Ac. Petrop. 3 I  (1779: I), 1782,   p. 3–29;1782;I.15;314–337
E.550;De seriebus, in quibus producta ex binis  terminis contiguis datam constituunt  progressionem;Opuscula analytica 1,  1783, p. 3–47;1783;I.15;338–382
E.551;Varia artificia in serierum indolem  inquirendi;Opuscula analytica 1,  1783, p. 48–63;1783;I.15;383–399
E.553;Observationes analyticae  Opuscula analytica 1,  1783, p. 85–120;Observationes analyticae  Opuscula analytica 1,  1783, p. 85–120;1783;I.15;400–434
E.555;De eximio usu methodi interpolationum in  serierum doctrina;Opuscula analytica 1,  1783, p. 157–210;1783;I.15;435–497
E.561;Variae observationes circa angulos in  progressione geometrica progredientes;Opuscula analytica 1,  1783, p. 345–352;1783;I.15;498–508
E.562;Quomodo sinus et cosinus angulorum  multiplorum per producta exprimi queant;Opuscula analytica 1,  1783, p. 353–363;1783;I.15;509–521
E.565;De plurimis quantitatibus transcendentibus,  quas nullo modo per formulas integrales  exprimere licet;Acta Ac. Petrop. 4 II  (1780: II), 1784, p. 31– 37;1784;I.15;522–527
E.575;De mirabilibus proprietatibus unciarum,  quae in evolutione binomii ad potestatem  quamcunque evecti occurrunt;Acta Ac. Petrop. 5 I  (1781: I), 1784, p. 74– 111;1784;I.15;528–568
E.583;De numero memorabili in summatione  progressionis harmonicae naturalis  occurrente;Acta Ac. Petrop. 5 II  (1781: II), 1785, p. 45– 75;1785;I.15;569–603
E.584;De insignibus proprietatibus unciarum  binomii ad uncias quorumvis polynomiorum  extensis;Acta Ac. Petrop. 5 II  (1781: II), 1785, p. 76– 89;1785;I.15;604–620
E.592;De resolutione fractionum transcendentium  in infinitas fractiones simplices;Opuscula analytica 2,  1785, p. 102–137;1785;I.15;621–660
E.593;De transformatione serierum in fractiones  continuas, ubi simul haec theoria non  mediocriter amplificatur;Opuscula analytica 2,  1785, p. 138–177;1785;I.15;661–700
E.597;De seriebus potestatum reciprocis methodo  nova et facillima summandis;Opuscula analytica 2,  1785, p. 257–274;1785;I.15;701–722
P.118;Vorwort (Andreas Speiser);;1933;I.16-1;VII
E.613;Dilucidationes in capita postrema calculi  mei differentialis de functionibus  inexplicabilibus;Mém. Ac. Pét. 4  (1811), 1813, p. 88– 119;1813;I.16-1;001–033
E.616;De transformatione seriei divergentis;N. Acta Ac. Petrop. 2  (1784), 1788, p. 36–45;1788;I.16-1;034–046
E.617;De summatione serierum, in quibus  terminoram signa alternantur;N. Acta Ac. Petrop. 2  (1784), 1788, p. 46–69;1788;I.16-1;047–078
E.636;De multiplicatione angulorum per factores  expedienda;N. Acta Ac. Petrop. 5  (1787), 1789, p. 27–51;1789;I.16-1;079–111
E.637;Nova demonstratio, quod evolutio  potestatum binomii Newtoniana etiam pro  exponentibus fractis valeat;N. Acta Ac. Petrop. 5  (1787), 1789, p. 52–58;1789;I.16-1;112–121
E.642;De singulari ratione differentiandi et  integrandi, quae in summis serierum  occurrit;N. Acta Ac. Petrop. 6  (1788), 1790, p. 3–15;1790;I.16-1;122–138
E.652;De termino generali serierum  hypergeometricarum;N. Acta Ac. Petrop. 7  (1789), 1793, p. 42–63;1793;I.16-1;139–162
E.655;Observationes generales circa series,  quarum termini secundum sinus vel cosinus  angulorum multiplorum progrediuntur;N. Acta Ac. Petrop. 7  (1789), 1793, p. 87–98;1793;I.16-1;163–177
E.661;Variae considerationes circa series  hypergeometricas;N. Acta Ac. Petrop. 8  (1790), 1794, p. 3–14;1794;I.16-1;178–192
E.663;Plenior expositio serierum illarum  memorabilium, quae ex unciis potestatum  binomii formantur;N. Acta Ac. Petrop. 8  (1790), 1794, p. 32–68;1794;I.16-1;193–234
E.664;Exercitatio analytica  N. Acta Ac. Petrop. 8  (1790), 1794, p. 69–72;Exercitatio analytica  N. Acta Ac. Petrop. 8  (1790), 1794, p. 69–72;1794;I.16-1;235–240
E.684;De radicibus aequationis infinitae;N. Acta Ac. Petrop. 9  (1791), 1795, p. 19–40;17954;I.16-1;241–265
E.685;Exercitatio analytica, ubi imprimis seriei  maxime generalis summatio traditur;N. Acta Ac. Petrop. 9  (1791), 1795, p. 41–53;1795;I.16-1;266–281
E.686;Dilucidationes super formulis, quibus sinus  et cosinus angulorum multiplorum exprimi  solent, ubi simul ingentes difficultates  diluuntur;N. Acta Ac. Petrop. 9  (1791), 1795, p. 54–80;1795;I.16-1;282–310
E.703;Methodus facilis inveniendi series per sinus  cosinusve angulorum multiplorum  procedentes, quarum usus in universa  theoria astronomiae est amplissimus;N. Acta Ac. Petrop. 11  (1793), 1798, p. 94– 113;1798;I.16-1;311–332
E.704;Disquisitio ulterior super seriebus secundum  multipla cuiusdam anguli progredientibus;N. Acta Ac. Petrop. 11  (1793), 1798, p. 114– 132;1798;I.16-1;333–355
P.119;Übersicht über die Bände 14, 15, 16, 16* der  ersten Serie (Georg Faber);Übersicht über die Bände 14, 15, 16, 16* der  ersten Serie (Georg Faber);1935;I.16-2;VII–CXII
E.705;Investigatio quarundam serierum, quae ad  rationem peripherias circuli ad diametrum  vero progime definiendam maxime sunt  accommodatae;N. Comm. Ac. Petrop.  11 (1793), 1798,   p. 133–149;1798;I.16-2;001–020
E.706;De novo genere serierum rationalium et  valde convergentium, quibus ratio  peripheriae ad diametrum exprimi potest;N. Comm. Ac. Petrop.  11 (1793), 1798,   p. 150–154;1798;I.16-2;021–027
E.709;De evolutione potestatis polynomialis;N. Comm. Ac. Petrop.  12 (1794), 1801,   p. 47–57;1801;I.16-2;028–040
E.710;Specimen transformationis singularis  serierum;N. Comm. Ac. Petrop.  12 (1794), 1801,   p. 58–70;1801;I.16-2;041–055
E.722;Disquisitiones analyticae super evolutione;N. Comm. Ac. Petrop.  14 (1797/98), 1805,  p. 75–110;1805;I.16-2;056–103
E.726;Demonstratio insignis theorematis numerici  circa uncias potestatum binomialium;N. Comm. Ac. Petrop.  15 (1799/1802), 1806  p. 33–43;1806;I.16-2;104–116
E.736;De summatione serierum in hac forma  contentarum;Mém. Ac. Pét. 3  (1809/10), 1811, p.26– 42;1811;I.16-2;117–138
E.742;Observationes circa fractiones continuas in;Mém. Ac. Pét. 4  (1811), 1813, p. 52–74;1813;I.16-2;139–161
E.743;De serie maxime memorabili, qua potestas  binomialis quaecunque exprimi potest;Mém. Ac. Pét. 4  (1811), 1813, p. 75–87;1813;I.16-2;162–177
E.745;De fractionibus continuis Wallisii  Mém. Ac. Pét. 5  (1812), 1815, p. 24–44;De fractionibus continuis Wallisii  Mém. Ac. Pét. 5  (1812), 1815, p. 24–44;1815;I.16-2;178–199
E.746;Methodus succincta summas serierum  infinitarum per formulas differentiales  investigandi;Mém. Ac. Pét. 5  (1812), 1815, p. 45–56;1815;I.16-2;200–213
E.747;De seriebus memorabilibus, quibus sinus et  cosinus angulorum multiplorum exprimere  licet;Mém. Ac. Pét. 5  (1812), 1815, p. 57–72;1815;I.16-2;214–231
E.750;Commentatio in fractionem continuam, qua  illustris la Grange potestates binomiales  expressit;Mém. Ac. Pét. 6  (1813/14), 1818, p. 3– 11;1818;I.16-2;232–240
E.768;De unciis potestatum binomii earumque  interpolatione;Mém. Ac. Pét. 9  (1819/20), 1824, p.  57–76;1824;I.16-2;241–266
E.809;Series maxime idoneae pro circuli  quadratura proxime invenienda;Opera postuma 1,  1862, p. 288–298;1862;I.16-2;267–283
E.810;Enodatio insignis cuiusdam paradoxi circa  multiplicationem angulorum observati;Opera postuma 1,  1862, p. 299–314;1862;I.16-2;284–311
E.819e;Continuatio fragmentorum ex adversariis  mathematicis depromtorum;Opera postuma 1,  1862, p. 506–513;1862;I.16-2;312–328
I.106;Index nominum (I.14–16);;1935;I.16-2;329–332
E.059;Theoremata circa reductionem formularum  integralium ad quadraturam circuli;Miscellanea  Berolinensia 7, 1743,  p. 91–129;1743;I.17;001–034
E.060;De inventione integralium, si post  integrationem variabili quantitati  determinatus valor tribuatur;Miscellanea  Berolinensia 7, 1743,  p. 129–171;1743;I.17;035–069
E.162;Methodus integrandi formulas differentiales  rationales unicam variabilem involventes;Comm. Ac. Petrop. 14  (1744/6), 1751, p. 3– 91;1751;I.17;070–148
E.163;Methodus facilior atque expeditior  integrandi formulas differentiales rationales;Comm. Ac. Petrop. 14  (1744/6), 1751, p. 99– 150;1751;I.17;149–194
E.168;De la controverse entre Mrs. Leibniz et  Bernoulli sur les logarithmes des nombres  négatifs et imaginaires;Mém. Berlin [5]  (1749), 1751, p. 139– 179;1751;I.17;195–232
E.254;De expressione integralium per factores  N. Comm. Ac. Petrop.  6 (1756/7), 1761,   p. 115–154;De expressione integralium per factores  N. Comm. Ac. Petrop.  6 (1756/7), 1761,   p. 115–154;1761;I.17;233–267
E.321;Observationes circa integralia formularum;Mélanges de  philosophie et de  mathématique de la  société royale de Turin  32 (1762/5), 1766,   p. 156–177;1766;I.17;268–288
E.391;De formulis integralibus duplicatis  N. Comm. Ac. Petrop.  14 (1769): I, 1770,   p. 72–103;De formulis integralibus duplicatis  N. Comm. Ac. Petrop.  14 (1769): I, 1770,   p. 72–103;1770;I.17;289–315
E.421;Evolutio formulae integralis  ( ) 1 m f n x dx lx − ∫;N. Comm. Ac. Petrop.  16 (1771), 1772,   p. 91–139;1772;I.17;316–357
E.462;De valore formulae integralis;N. Comm. Ac. Petrop.  19 (1774), 1775,   p. 3–29;1775;I.17;358–383
E.463;De valore formulae integralis;N. Comm. Ac. Petrop.  19 (1774), 1775,   p. 30–65;1775;I.17;384–420
E.464;Nova methodus quantitates integrales  determinandi;N. Comm. Ac. Petrop.  19 (1774), 1775,   p. 66–102;1775;I.17;421–457
P.120;Vorwort (Ferdinand Rudio);;1920;I.18;VII
E.475;Speculationes analyticae  N. Comm. Ac. Petrop.  20 (1775), 1776,   p. 59–79;Speculationes analyticae  N. Comm. Ac. Petrop.  20 (1775), 1776,   p. 59–79;1776;I.18;001–022
E.499;De integratione formulae  1 dxlx xx − ∫;Acta Ac. Petrop. 1777:  II (1780), p. 3–28;1780;I.18;023–050
E.500;De valore formulae integralis;Acta Ac. Petrop. 1777:  II (1780), p. 29–47;1780;I.18;051–068
E.521;Théorèmes analytiques. Extraits de  différentes lettres de M. Euler à M. le  Marquis de Condorcet;Mém. Paris 1778  (1781), p. 603–614;1781;I.18;069–082
E.539;Supplementum calculi integralis pro  integratione formularum irrationalium;Acta Ac. Petrop. 1780:  I (1783), p. 3–31;1783;I.18;083–112
E.572;Nova methodus integrandi formulas  differentiales rationales sine subsidio  quantitatum imaginariarum;Acta Ac. Petrop. 1781:  I (1784), p. 3–47;1784;I.18;113–155
E.587;Observationes in aliquot theoremata  illustrissimi de la Grange;Opuscula analytica 2,  1785, p. 16–41;1785;I.18;156–177
E.588;Investigatio formulae integralis;Opuscula analytica 2,  1785, p. 42–54;1785;I.18;178–189
E.589;Investigatio valoris integralis;Opuscula analytica 2,  1785, p. 55–75;1785;I.18;190–208
E.594;Methodus inveniendi formulas integrales,  quae certis casibus datam inter se teneant  rationem, ubi simul methodus traditur  fractiones continuas summandi;Opuscula analytica 2,  1785, p. 178–216;1785;I.18;209–243
E.606;Speculationes super formula integrali;Acta Ac. Petrop. 1782:  II (1786), p. 62–84;1786;I.18;244–264
E.620;Methodus facilis inveniendi integrale huius;N. Acta Ac. Petrop. 3  (1785), 1788, p. 3–24;1788;I.18;265–290
E.621;De summo usu calculi imaginariorum in  analysi;N. Acta Ac. Petrop. 3  (1785), 1788, p. 25–46;1788;I.18;291–317
E.629;Evolutio formulae integralis;N. Acta Ac. Petrop. 4  (1786), 1789, p. 3–16;1789;I.18;318–334
E.630;Uberior explicatio methodi singularis nuper  expositae integralia alias maxime abscondita  investigandi;N. Acta Ac. Petrop. 4  (1786), 1789, p. 17–54;1789;I.18;335–372
E.635;Innumera theoremata circa formulas  integrales, quorum demonstratio vires  analyseos superare videatur;N. Acta Ac. Petrop. 5  (1787), 1789, p. 3–26;1789;I.18;373–391
E.640;Comparatio valorum formulae integralis;N. Acta Ac. Petrop. 5  (1787), 1789,   p. 118–129;1789;I.18;392–434
E.651;Quatuor theoremata maxime notatu digna  in calculo integrali;N. Acta Ac. Petrop. 7  (1789), 1793, p. 22–41;1793;I.18;435–457
E.653;De iterata integratione formularum  integralium, dum aliquis exponens pro  variabili assumitur;N. Acta Ac. Petrop. 7  (1789), 1793, p. 64–82;1793;I.18;458–475
P.121;Vorwort (Ferdinand Rudio);;1932;I.19;VII–VIII
P.122;Übersicht über die Bände 17, 18, 19 der  ersten Serie (Adolf Krazer, Georg Faber);Übersicht über die Bände 17, 18, 19 der  ersten Serie (Adolf Krazer, Georg Faber);1932;I.19;IX–LXV
E.656;De integrationibus maxime memorabilibus  ex calculo imaginariorum oriundis;N. Acta Ac. Petrop. 7  (1789), 1793, p. 99– 133;1793;I.19;001–044
E.657;Supplementum ad dissertationem  praecedentem circa integrationem formulae;N. Acta Ac. Petrop. 7  (1789), 1793, p. 134– 148;1793;I.19;045–062
E.662;De vero valore formulae integralis;N. Acta Ac. Petrop. 8  (1790), 1794, p. 15–31;1794;I.19;063–083
E.668;De integratione formulae;Institutiones calculi  integralis 4, 1794,   p. 36–48;1794;I.19;084–097
E.669;Memorabile genus formularum  difierentialium maxime irrationalium, quas  tamen ad rationalitatem perducere licet;Institutiones calculi  integralis 4, 1794,   p. 48–59;1794;I.19;098–109
E.670;De resolutione formulae integralis;Institutiones calculi  integralis 4, 1794,   p. 60–77;1794;I.19;110–128
E.671;De formulis differentialibus angularibus  maxime irrationalibus, quas tamen per  logarithmos et arcus circulares integrare  licet;Institutiones calculi  integralis 4, 1794,   p. 183–194;1794;I.19–;129–140
E.672;Theorema maxime memorabile circa;Institutiones calculi  integralis 4, 1794,   p. 194–217;1794;I.19;141–167
E.673;Disquisitio coniecturalis super formula;Institutiones calculi  integralis 4, 1794,   p. 217–242;1794;I.19;168–196
E.674;Demonstratio theorematis insignis per  coniecturam eruti circa integrationem;Institutiones calculi  integralis 4, 1794,   p. 242–259;1794;I.19;197–216
E.675;De valoribus integralium a termino variabilis  usque  0 x =  ad x = ∞ extensorum;Institutiones calculi  integralis 4, 1794,   p. 337–345;1794;I.19;217–227
E.688;Specimen integrationis abstrusissimae hac;N. Acta Ac. Petrop. 9  (1791), 1795, p. 98– 117;1795;I.19;228–250
E.689;Integratio formulae differentialis maxime  irrationalis, quam tamen per logarithmos et  arcus circulares expedire licet;N. Acta Ac. Petrop. 9  (1791), 1795, p. 118– 126;1795;I.19;251–261
E.690;Evolutio formulae integralis;N. Acta Ac. Petrop. 9  (1791), 1795, p. 127– 131;1795;I.19;262–267
E.694;Ulterior disquisitio de formulis integralibus  imaginariis;N. Acta Ac. Petrop. 10  (1792), 1797, p. 3–19;1797;I.19;268–286
E.695;Integratio succincta formulae integralis;N. Acta Ac. Petrop. 10  (1792), 1797, p. 20–26;1797;I.19;287–296
E.701;Formae generales differentialium, quae, etsi  nulla substitutione rationales reddi possunt,  tamen integrationem per logarithmos et  arcus circulares admittunt;N. Acta Ac. Petrop. 11  (1793), 1798, p. 27–77;1798;I.19;297–344
E.707;De insigni usu calculi imaginariorum in  calculo integrali;N. Acta Ac. Petrop. 12  (1794), 1801, p. 3–21;1801;I.19;345–368
E.721;De integrationibus difficillimis, quarum  integralia tamen aliunde exhiberi possunt;N. Acta Ac. Petrop. 14  (1797/8), 1805, p. 62– 74;1805;I.19;369–389
E.752;De integralibus quibusdam inventu  difficillimis;Mém. Ac. Pét. 6  (1813/4), 1818, p. 30– 53;1818;I.19;390–416
E.807;Sur les logarithmes des nombres négatifs et  imaginaires;Opera postuma 1,  1862, p. 269–281;1862;I.19;417–438
E.816;Considérations sur quelques formules  intégrales dont les valeurs peuvent être  exprimées, en certains cas, par la quadrature  du cercle;Opera postuma 1,  1862, p. 408–438;1862;I.19;439–490
E.819f;Continuatio fragmentorum ex Adversariis  mathematicis depromptorum;Opera postuma 1,  1862, p. 514;1862;I.19;491–492
I.107;Index nominum (I.17–19);;1932;I.19;493–494
P.123;Vorwort des Herausgebers (Adolf Krazer);;1912;I.20;VII–X
E.028;Specimen de constructione aequationum  differentialium sine indeterminatarum  separatione;Comm. Ac. Petrop. 6  (1732/3), 1738, p.  168–174;1738;I.20;001–007
E.052;Solutio problematum rectificationem ellipsis  requirentium;Comm. Ac. Petrop. 8  (1736), 1741, p. 86–98;1741;I.20;008–020
E.154;Animadversiones in rectificationem ellipsis  Opuscula varii  argumenti 2, 1750, p.  121–166;Animadversiones in rectificationem ellipsis  Opuscula varii  argumenti 2, 1750, p.  121–166;1750;I.20;021–055
E.211;"Problema, ad cuius solutionem geometrae  invitantur; theorema, ad cuius  demonstrationem geometrae invitantur";N. Acta erudit. 1754,   p. 40;1754;I.20;056–057
E.251;De integratione aequationis differentialis;N. Comm. Ac. Petrop.  6 (1756/7), 1761,   p. 37–57;1761;I.20;058–079
E.252;Observationes de comparatione arcuum  curvarum irrectificabilium;N. Comm. Ac. Petrop.  6 (1756/7), 1761,   p. 58–84;1761;I.20;080–107
E.263;Specimen novae methodi curvarum  quadraturas et rectificationes aliasque  quantitates transcendentes inter se  comparandi;N. Comm. Ac. Petrop.  7 (1758/9), 1761,   p. 83–127;1761;I.20;108–152
E.261;"Specimen alterum methodi novae  quantitates transcendentes inter se  comparandi; de comparatione arcuum  ellipsis";N. Comm. Ac. Petrop.  7 (1758/9), 1761,   p. 3–48;1761;I.20;153–200
E.264;Demonstratio theorematis et solutio  problematis in actis erud. Lipsiensibus  propositorum;N. Comm. Ac. Petrop.  7 (1758/9), 1761,   p. 128–162;1761;I.20;201–234
E.273;Consideratio formularum, quarum integratio  per arcus sectionum conicarum absolvi  potest;N. Comm. Ac. Petrop.  8 (1760/1), 1763,   p. 129–149;1763;I.20;235–255
E.295;De reductione formularum integralium ad  rectificationem ellipsis ac hyperbolae;N. Comm. Ac. Petrop.  10 (1764), 1766,   p. 3–50;1766;I.20;256–301
E.345;Integratio aequationia;N. Comm. Ac. Petrop.  12 (1766/7), 1768,   p. 3–16;1768;I.20;302–317
E.347;Evolutio generalior formularum  comparationi curvarum inaervientium;N. Comm. Ac. Petrop.  12 (1766/7), 1768,   p. 42–86;1768;I.20;318–356
E.448;Nova series infinita mazime convergens  perimetrum ellipeis ezprimens;N. Comm. Ac. Petrop.  18 (1773), 1774,   p. 71–84;1774;I.20;357–370
E.028a;Summarium commentationis 28 indicis  Enestroemiani: Specimen de constructione  aequationum differentialium sine  indeterminatarum separatione;Ex manuscriptis  academiae scientiarum  Petropolitanae nunc  primum editum;1912;I.20;371
I.108;Index nominum (I.20–21);;1913;I.21;XI
E.506;Dilucidationes super methodo elegantissima,  qua illustris de la Grange usus est in  integranda aequatione differentiali  dx d y X Y =;Acta Ac. Petrop. 1778:  I (1780), p. 20–57;1780;I.21;001–038
E.581;Plenior explicatio circa comparationem  quantitatum in formula integrali;Acta Ac. Petrop. 1781:  II (1785), p. 3–22;1785;I.21;039–056
E.582;Uberior evolutio comparationis, quam inter  arcus sectionum conicarum instituere licet;Acta Ac. Petrop. 1781:  II (1785), p. 23–44;1785;I.21;057–077
E.590;Theoremata quaedam analytica, quorum  demonstratio adhuc desideratur;Opuscula analytica 2,  1785, p. 76–90;1785;I.21;078–090
E.605;De miris proprietatibus curvae elasticae sub;Acta Ac. Petrop. 1782:  II (1786), p. 34–61;1786;I.21;091–118
E.624;De superficie coni scaleni, ubi imprimis  ingentes difficultates, quae in hac  investigatione occurrunt, perpenduntur;N. Acta Ac. Petrop. 3  (1785), 1788, p. 69–89;1788;I.21;119–141
E.633;De binis curvis algebraicis inveniendis,  quarum arcus indefinite inter se sint  aequales;N. Acta Ac. Petrop. 4  (1786), 1789,   p. 96–103;1789;I.21;142–150
E.638;De innumeris curvis algebraicis, quarum  longitudinem per arcus parabolicos metiri  licet;N. Acta Ac. Petrop. 5  (1787), 1789, p. 59–70;1789;I.21;151–162
E.639;De innumeris curvis algebraicis, quarum  longitudinem per arcus ellipticos metiri licet;N. Acta Ac. Petrop. 5  (1787), 1789, p. 71–85;1789;I.21;163–179
E.645;De curvis algebraicis, quarum longitudo  exprimitur hac formula integrali;N. Acta Ac. Petrop. 6  (1788), 1790, p. 36–62;1790;I.21;180–206
E.676;Methodus succinctior comparationes  quantitatum transcendentium in forma;Institutiones calculi  integralis 4, 1794, p.  504–524;1794;I.21;207–226
E.714;Exempla quarundam memorabilium  aequationum differentialium, quas adeo  algebraice integrare licet, etiamsi nulla via  pateat variabiles a se invicem separandi;N. Acta Ac. Petrop. 13  (1795/6), 1802,   p. 2–13;1802;I.21;227–240
E.780;De infinitis curvis algebraicis, quarum  longitudo indefinita arcui elliptico aequatur;Mém. Ac. Pét. 11,  1830, p. 95–99;1830;I.21;241–245
E.781;De intinitis curvis algebraicis, quarum  longitudo arcui parabolico aequatur;Mém. Ac. Pét. 11,  1830, p. 100–101;1830;I.21;246–247
E.782;De binis curvis algebraicis eadem  rectificatione gaudentibus;Mém. Ac. Pét. 11,  1830, p. 102–113;1830;I.21;248–261
E.783;De curvis algebraicis, quarum omnes arcus  per arcus circulares metiri liceat;Mém. Ac. Pét. 11,  1830, p. 114–124;1830;I.21;262–273
E.817;De lineis curvis, quarum rectificatio per  datam quadraturam mensuratur;Opera postuma 1,  1862, p. 439–451;1862;I.21;274–295
E.818;De comparatione arcuum curvarum  irrectificabilium;Opera postuma 1,  1862, p. 452–486;1862;I.21;296–357
E.819b;Fragmentum ex Adversariis mathematicis  depromptum;Opera postuma 1,  1862, p. 497–502;1862;I.21;358–368
E*1913;Leonhard Euler: Fragmenta nova ex;Ex manuscriptis  academiae scientiarum  Petropolitanae nunc  primum edita;1913;I.21;369–380
P.124;Préface de l'editeur (Henri Dulac);Préface de l'editeur (Henri Dulac);1936;I.22;VII–XIII
E.010;Nova methodus innumerabiles aequationes  differentiales secundi gradus reducendi ad  aequationes differentiales primi gradus;Comm. Ac. Petrop. 3  (1728), 1732, p. 124– 137;1732;I.22;001–014
E.011;Constructio aequationum quarundam  differentialium, quae indeterminatarum  separationem non admittunt;N. acta erudit. 1733,   p. 369–373;1733;I.22;015–018
E.031;Constructio aequationis differentialis;Comm. Ac. Petrop. 6  (1732/3), 1738,   p. 124–137;1738;I.22;019–035
E.044;De infinitis curvis eiusdem generis seu  methodus inveniendi aequationes pro  infinitis curvis eiusdem generis;Comm. Ac. Petrop. 7  (1734/5), 1740,   p. 174–189, 108–183;1740;I.22;036–056
E.045;Additamentum ad dissertationem de infinitis  curvis eiusdem generis;Comm. Ac. Petrop. 7  (1734/5), 1740,   p. 184–200;1740;I.22;057–075
E.048;Investigatio binarum curvarum, quarum  arcus eidem abscissae respondentes  summam algebraicam. constituant;Comm. Ac. Petrop. 8  (1736), 1741, p. 23–29;1741;I.22;076–082
E.051;De constructione aequationum ope motus  tractorii aliisque ad methodum. tangentium  inversam pertinentibus;Comm. Ac. Petrop. 8  (1736), 1741, p. 66–85;1741;I.22;083–107
E.062;De integratione aequationum differentialium  altiorum graduum;Miscellanea  Berolinensia 7, 1743,  p.193–242;1743;I.22;108–149
E.070;De constructione aequationum  Comm. Ac. Petrop. 9  (1737), 1744, p. 85–97;De constructione aequationum  Comm. Ac. Petrop. 9  (1737), 1744, p. 85–97;1744;I.22;150–161
E.095;De aequationibus differentialibus, quae  certis tantum casibus integrationem  admittunt;Comm. Ac. Petrop. 10  (1738), 1747, p. 40–55;1747;I.22;162–180
E.188;Methodus aequationes differentiales  altiorum graduum integrandi ulterius  promota;N. Comm. Ac. Petrop.  3 (1750/1), 1753,   p. 3–35;1753;I.22;181–213
E.236;Exposition de quelques paradoxes dans le  calcul intégral;Mém. Berlin 12  (1756), 1758, p. 300– 321;1758;I.22;214–236
E.245;De methodo Diophanteae analoga in  analysi infinitorum;N. Comm. Ac. Petrop.  5 (1754/5), 1760,   p. 84–144;1760;I.22;237–294
E.265;De aequationibus differentialibus secundi  gradus;N. Comm. Ac. Petrop.  7 (1758/9), 1761,   p. 163–202;1761;I.22;295–333
E.269;De integratione aequationum differentialium N. Comm. Ac. Petrop.;8 (1760/1), 1763,   p. 3–63;1763;I.22;334–394
E.274;Constructio aequationis differentiodifferentialis;N. Comm. Ac. Petrop.  8 (1760/1), 1763,   p. 150–156;1763;I.22;395–402
E.284;De resolutione aequationis;N. Comm. Ac. Petrop.  9 (1762/3), 1764,   p. 154–169;1764;I.22;403–420
I.109;Index nominum (I.22–23);;1938;I.23;VII
E.285;Investigatio functionum ex data  differentialium conditione;N. Comm. Ac. Petrop.  9 (1762/3), 1764,   p. 170–212;1764;I.23;001–041
E.319;Recherches sur l'intégration de l'équation;Mélanges de  philosophie et de  mathématique de la  société royale de Turin  3 (1762/5), 1766,   p. 60–91;1766;I.23;042–073
E.322;De usu functionum discontinuarum in  analysi;N. Comm. Ac. Petrop.  11 (1765), 1767,   p. 67–102;1767;I.23;074–091
E.429;De variis integrabilitatis generibus  N. Comm. Ac. Petrop.  17 (1772), 1773,   p. 70–104;De variis integrabilitatis generibus  N. Comm. Ac. Petrop.  17 (1772), 1773,   p. 70–104;1773;I.23;092–121
E.430;Observationes circa aequationem  differentialem  0 ydy mydx Ndx + + =;N. Comm. Ac. Petrop.  17 (1772), 1773,   p. 105–124;1773;I.23;122–141
E.431;Consideratio aequationis differentiodifferentialis;N. Comm. Ac. Petrop.  17 (1772), 1773,   p. 125–154;1773;I.23;142–173
E.595;Summatio fractionis continuae cuius indices  progressionem arithmeticam constituunt  dum numeratores omnes sunt unitates ubi  simul resolutio aequationis Riccatianae per  huiusmodi fractiones docetur;Opuscula analytica 2,  1785, p. 217–239;1785;I.23;174–194
E.622;Specimen singulare analyseos infinitorum  indeterminatae;N. Acta Ac. Petrop. 3  (1785), 1788, p. 47–56;1788;I.23;195–207
E.650;De formulis differentialibus quae per duas  pluresve quantitates datas multiplicatae fiant  integrabiles;N. Acta Ac. Petrop. 7  (1789), 1793, p. 3–21;1793;I.23;208–229
E.677;Methodus singularis resolvendi aequationes  differentiales secundi gradus;Institutiones calculi  integralis 4, 1794,   p. 525–533;1794;I.23;230–238
E.678;Methodus nova investigandi omnes casus  quibus hanc aequationem differentialem;Institutiones calculi  integralis 4, 1794,   p. 533–543;1794;I.23;239–249
E.679;De formulis integralibus implicatis  earumque evolutione et transformatione;Institutiones calculi  integralis 4, 1794,   p. 544–563;1794;I.23;250–267
E.680;De aequationibus differentialibus  cuiuscunque gradus quae denuo  differentiatae integrari possunt;Institutiones calculi  integralis 4, 1794,   p. 564–577;1794;I.23;268–280
E.681;Specimen aequationum differentialium  indefiniti gradus earumque integrationis;Institutiones calculi  integralis 4, 1794,   p. 577–589;1794;I.23;281–294
E.687;De insignibus proprietatibus formularum  integralium praeter binas variabiles etiam  earum differentialia cuiuscunque ordinis  involventium;N. Acta Ac. Petrop. 9  (1791), 1795, p. 81–97;1795;I.23;295–312
E.700;De formulis differentialibus secundi gradus  quae integrationem admittunt;N. Acta Ac. Petrop. 11  (1793), 1798, p. 3–26;1798;I.23;313–338
E.720;Observatio singularis circa aequationes  differentiales lineares;N. Acta Ac. Petrop. 14  (1797/8), 1805,   p. 52–61;1805;I.23;339–348
E.724;Recherches sur quelques intégrations  remarquables dans l'analyse des fonctions à  deux variables connues sous le nom de  différences partielles;N. Acta Ac. Petrop. 15  (1799/1802), 1806,   p. 3–28;1806;I.23;349–378
E.734;Integratio aequationis differentialis huius  Mém. Ac. Pét. 3,  (1809/10), 1811,   p. 3–15;Integratio aequationis differentialis huius  Mém. Ac. Pét. 3,  (1809/10), 1811,   p. 3–15;1811;I.23;379–392
E.737;De transformatione functionum duas  variabiles involventium dum earum loco  aliae binae variabiles introducuntur;Mém. Ac. Pét. 3,  (1809/10), 1811,   p. 43–56;1811;I.23;393–406
E.741;Integratio generalis aequationum  differentialium linearium cuiuscunque  gradus et quotcunque variabiles  involventium;Mém. Ac. Pét. 4,  (1811), 1813, p. 43–51;1813;I.23;407–413
E.751;Analysis facilis aequationem Riccatianam  per fractionem continuam resolvendi;Mém. Ac. Pét. 6,  (1813/4), 1818,   p. 12–29;1818;I.23;414–430
E.779;Solutio problematis ad analysin infinitorum  indeterminatorum referendi;Mém. Ac. Pét. 11,  1830, p. 92–94;1830;I.23;431–433
E.784;Solutio problematis analytici difficillimi  Mém. Ac. Pét. 11,  1830, p. 125–130;Solutio problematis analytici difficillimi  Mém. Ac. Pét. 11,  1830, p. 125–130;1830;I.23;434–442
E.785;Intégration d'une espèce remarquable  d'équation différentielle dans l'analyse des  fonctions à deux variables;Mém. Ac. Pét. 11,  1830, p. 131–137;1830;I.23;443–449
E.856;Fragmentum ex adversariis mathematicis  depromtum;Opera postuma 2,  1862, p. 824–826;1862;I.23;450–455
P.125;Vorwort (Andreas Speiser);;1952;I.24;VII
P.126;Constantin Carathéodory: Einführung in  Eulers Arbeiten über Variationsrechnung   (ˇContents);Constantin Carathéodory: Einführung in  Eulers Arbeiten über Variationsrechnung   (ˇContents);1952;I.24;VIII–LXII
E.065;Methodus inveniendi lineas curvas maximi  minimive proprietate gaudentes sive solutio  problematis isoperimetrici latissimo sensu  accepti (ˇContents);Lausannae et Genevae  1744;1744;I.24;1–308
P.127;Vorwort (Andreas Speiser);;1952;I.25;VII–XXVI
E.009;De linea brevissima in superficie quacunque  duo quaelibet puncta iungente;Comm. Ac. Petrop. 3  (1728), 1732,   p. 110–124;1732;I.25;001–012
E.027;Problematis isoperimetrici in latissimo sensu  accepti solutio generalis;Comm. Ac. Petrop. 6  (1732/3), 1738,   p. 123–155;1738;I.25;013–040
E.042;De linea celerrimi descensus in medio  quocunque resistente;Comm. Ac. Petrop. 7  (1734/5), 1740,   p. 135–149;1740;I.25;041–053
E.056;Curvarum maximi minimive proprietate  gaudentium inventio nova et facilis;Comm. Ac. Petrop. 8  (1736), 1741,   p. 159–190;1741;I.25;054–080
E.084;Leonhardi Euleri animadversio ad libri  praecedentis § 83 et seq. de curvis elasticis;N. Acta erudit. 1746,   p. 92–95;1746;I.25;081–083
E.099;Solutio problematis cuiusdam a Celeberrimo  Daniele Bernoullio propositi;Comm. Ac. Petrop. 10  (1738), 1747,   p. 164–180;1747;I.25;084–097
E.250;Methodus inveniendi infinitas curvas  isoperimetras aliave communi proprietate  praeditas;N. Comm. Ac. Petrop.  6 (1756/7), 1761,   p. 3–36;1761;I.25;098–122
A.10;Albrecht Eulers Auflösung einer  geometrischen Aufgabe;Mitteilungen der  Churfürstlichbaierischen Akademie  der Wissenschaften  Bd. 22 (1764),   p. 37–60;1764;I.25;123–140
E.296;Elementa calculi variationum  N. Comm. Ac. Petrop.  10 (1764), 1766,   p. 51–93;Elementa calculi variationum  N. Comm. Ac. Petrop.  10 (1764), 1766,   p. 51–93;1766;I.25;141–176
E.297;Analytica explicatio methodi maximorum et  minimorum;N. Comm. Ac. Petrop.  10 (1764), 1766,   p. 94–134;1766;I.25;177–207
E.420;Methodus nova et facilis calculum  variationum tractandi;N. Comm. Ac. Petrop.  16 (1771), 1772,   p. 35–70;1772;I.25;208–235
E.444;De motu gravium citissimo super curvis  specie datis;N. Comm. Ac. Petrop.  17 (1772), 1773,   p. 488–504;1773;I.25;236–249
E.501;Considerationes circa brachystochronas  Acta Ac. Petrop. 1777:  II, 1780, p.70–88;Considerationes circa brachystochronas  Acta Ac. Petrop. 1777:  II, 1780, p.70–88;1780;I.25;250–268
E.727;Accuratior evolutio problematis de linea  brevissima in superficie quacunque ducenda;N. Acta Ac. Petrop. 15  (1799/1802), 1806, p.  44–54;1806;I.25;269–279
E.731;Solutio problematis ob singularia calculi  artificia memorabilis;Mém. Ac. Pét. 2  (1807/8), 1810, p. 3–9;1810;I.25;280–285
E.735;De insigni paradoxo, quod in analysi  maximorum et minimorum occurrit;Mém. Ac. Pét. 3  (1809/10), 1811,   p. 16–25;1811;I.25;286–292
E.740;De lineis curvis non in eodem plano sitis,  quae maximi minimive proprietate sunt  praeditae;Mém. Ac. Pét. 4  (1811), 1813, p. 18–42;1813;I.25;293–313
E.759;Investigatio accuratior circa  brachystochronas;Mém. Ac. Pét. 8  (1817/8), 1822,   p. 17–28;1822;I.25;314–325
E.760;De vera brachystochrona seu linea celerrimi  descensus in medio resistente;Mém. Ac. Pét. 8  (1817/8), 1822,   p. 29–40;1822;I.25;326–337
E.761;De brachystochrona in medio resistente,  dum corpus ad centrum virium utcunque  attrahitur;Mém. Ac. Pét. 8  (1817/8), 1822,   p. 41–45;1822;I.25;343
P.128;Vorwort der Redaktion (Andreas Speiser);;1953;I.26;VII
P.129;Einleitung: Übersicht über die im Bande 26  der ersten Serie enthaltenen Abhandlungen  (Andreas Speiser);Einleitung: Übersicht über die im Bande 26  der ersten Serie enthaltenen Abhandlungen  (Andreas Speiser);1953;I.26;VIII–XXXVI
E.073;Solutio Problematis geometrici circa lunulas  a circulis formatas;Comm. Ac. Petrop. 9  (1737), 1744,   p. 207–221;1744;I.26;001–014
E.135;Variae demonstrationes geometriae  N. Comm. Ac. Petrop.  1 (1747/8), 1750,   p. 49–66;Variae demonstrationes geometriae  N. Comm. Ac. Petrop.  1 (1747/8), 1750,   p. 49–66;1750;I.26;015–032
E.147;Sur une contradiction apparente dans la  doctrine des lignes courbes;Mém. Berlin [4]  (1748), 1750,   p. 219–233;1750;I.26;033–045
E.148;Démonstration sur le nombre des points où  deux lignes des ordres quelconques peuvent  se couper;Mém. Berlin [4]  (1748), 1750,   p. 234–248;1750;I.26;046–059
E.192;Solutio problematis geometrici  N. Comm. Ac. Petrop.  3 (1750/1), 1753,   p. 224–234;Solutio problematis geometrici  N. Comm. Ac. Petrop.  3 (1750/1), 1753,   p. 224–234;1753;I.26;060–070
E.230;Elementa doctrinae solidorum  N. Comm. Ac. Petrop.  4 (1752/3), 1758,   p. 109–140;Elementa doctrinae solidorum  N. Comm. Ac. Petrop.  4 (1752/3), 1758,   p. 109–140;1758;I.26;071–093
E.231;Demonstratio nonnullarum insignium  proprietatum, quibus solida hedris planis  inclusa sunt praedita;N. Comm. Ac. Petrop.  4 (1752/3), 1758,   p. 140–160;1758;I.26;094–108
E.324;Proprietates triangulorum, quorum anguli  certam inter se tenent rationem;N. Comm. Ac. Petrop.  11 (1765), 1767,   p. 67–102;1767;I.26;109–138
E.325;Solutio facilis problematum quorundam  geometricorum difficillimorum;N. Comm. Ac. Petrop.  11 (1765), 1767,   p. 103–123;1767;I.26;139–157
A.23;J. Albrecht Eulers Auflösung einiger  geometrischen Aufgaben;Abhandlungen der  Churfürstlichbaierischen Akademie  der Wissenschaften 5,  1768, p. 165–196;1768;I.26;158–188
E.505;"De corporibus regularibus per doctrinam  sphaericam determinatis; ubi simul nova  methodus globos sive coelestes sive  terrestres charta obducendi traditur";Acta Ac. Petrop. 2 I  (1778: I), 1780,   p. 3–19;1780;I.26;189–203
E.514;De mensura angulorum solidorum  Acta Ac. Petrop. 2 I  (1778: II), 1781,   p. 31–54;De mensura angulorum solidorum  Acta Ac. Petrop. 2 I  (1778: II), 1781,   p. 31–54;1781;I.26;204–223
E.524;Trigonometria sphaerica universa, ex primis  principiis breviter et dilucide derivata;Acta Ac. Petrop. 3 I  (1779: I), 1782,   p. 72–86;1782;I.26;224–236
E.543;Problematis cuiusdam Pappi Alexandrini  constructio;Acta Ac. Petrop. 4 I  (1780: I), 1783,   p. 91–96;1783;I.26;237–242
X.108;Nicolaus Fuss: Solutio problematis  geometrici Pappi Alexandrini;Acta Ac. Petrop. 4 I  (1780: I), 1783,   p. 97–104;1783;I.26;243–248
E.573;De duplici genesi tam epicycloidum quam  hypocycloidum;Acta Ac. Petrop. 5 I  (1781: I), 1784,   p. 48–59;1784;I.26;249–257
E.601;De symptomatibus quatuor punctorum, in  eodem plano sitorum;Acta Ac. Petrop. 6 I  (1782: I), 1786,   p. 3–18;1786;I.26;258–269
E.648;Solutio facilis problematis, quo quaeritur  circulus, qui datos tres circulos tangat;N. Acta Ac. Petrop. 6  (1788), 1790,   p. 95–101;1790;I.26;270–275
E.693;De centro similitudinis  N. Acta Ac. Petrop. 9  (1791), 1795,   p. 154–165;De centro similitudinis  N. Acta Ac. Petrop. 9  (1791), 1795,   p. 154–165;1795;I.26;276–285
E.729;Dilucidationes super Problemate geometrico  de quadrisectione trianguli a Iacobo  Bernoulli olim tractato;Mém. Ac. Pét. 1  (1803/6), 1809,   p. 26–48;1809;I.26;286–303
E.730;Solutio completa problematis de  quadrisectione trianguli per duas rectas inter  se normales;Mém. Ac. Pét. 1  (1803/6), 1809,   p. 49–87;1809;I.26;304–333
E.733;Solutio facilis problematis, quo quaeritur  sphaera, quae datas quatuor sphaeras  utcunque dispositas contingat;Mém. Ac. Pét. 2  (1807/8), 1810,   p. 17–28;1810;I.26;334–343
E.749;Geometrica et sphaerica quaedam  Mém. Ac. Pét. 5  (1812), 1815,   p. 96–114;Geometrica et sphaerica quaedam  Mém. Ac. Pét. 5  (1812), 1815,   p. 96–114;1815;I.26;344–358
E.819c;Fragmenta 101–104 ex Adversariis  mathematicis deprompta;Opera postuma 1,  1862, p. 502–504;1862;I.26;359–362
P.130;Einleitung: Übersicht über die im Bande 27  der ersten Serie enthaltenen Abhandlungen  (Andreas Speiser);Einleitung: Übersicht über die im Bande 27  der ersten Serie enthaltenen Abhandlungen  (Andreas Speiser);1954;I.27;VII–XLVI
E.003;Methodus inveniendi traiectorias reciprocas  algebraicas;Acta erud. 1727, p.  408–412;1727;I.27;001–005
E.005;Problematis traiectoriarum reciprocarum  solutio;Comm. Ac. Petrop. 2  (1727), 1729,   p. 90–111;1729;I.27;006–023
E.023;De curvis rectificabilibus algebraicis atque  traiectoriis reciprocis algebraicis;Comm. Ac. Petrop. 5  (1730/1), 1738,   p. 169–174;1738;I.27;024–028
E.075;Solutio problematis in Novorum Actorum  Eruditorum mense novembri A. 1743  propositi;N. Acta erudit. 1744,   p. 315–336;1744;I.27;029–049
E.079;Problema geometricum propositum publice  ab Anonymo Geometra;N. Acta erudit. 1745,   p. 523;1745;I.27;050–050
E.083;Sur quelques propriétés des Sections  coniques qui conviennent à une infinité  d'autres lignes courbes;Mém. Berlin [1]  (1745), 1746,   p. 71–98;1746;I.27;051–073
E.085;Solutio problematis catoptrici in his actis   A. 1745 Mense Septembri P. I pag. 523  propositi;N. Acta erudit. 1746,   p. 230–233;1746;I.27;074–077
E.106;Solutio problematis catoptrici in Novis Actis  Eruditorum Lipsiensibus pro mense  Novembri A. 1745 propositi;N. Acta erudit. 1748,   p. 27–46, 61–75, 169– 184;1748;I.27;078–129
E.129;Investigatio curvarum quae evolutae sui  similes producunt;Comm. Ac. Petrop. 12  (1740), 1750, p. 3–52;1750;I.27;130–180
E.133;De superficie conorum scalenorum  aliorumque corporum conicorum;N. Comm. Ac. Petrop.  1 (1747/8), 1750,   p. 3–19;1750;I.27;181–199
E.166;De reductione linearum curvarum ad arcus  circulares;N. Comm. Ac. Petrop.  2 (1749), 1751, p. 3–38;1750;I.27;200–135
E.169;Sur le point de rebroussement de la seconde  espèce de M. le Marquis de 1'Hôpital;Mém. Berlin [5]  (1749), 1751,   p. 203–221;1751;I.27;236–252
E.173;Nova methodus inveniendi traiectorias  reciprocas algebraicas;Opuscula varii  argumenti 3, 1751, p.  54–87;1751;I.27;253–276
E.214;Principes de la trigonométrie sphérique tirés  de la méthode des plus grands et plus petits;Mém. Berlin [9]  (1753), 1755,   p. 223–257;1755;I.27;277–308
E.215;Elémens de la trigonométrie sphéroïdique  tirés de la méthode des plus grands et plus  petits;Mém. Berlin [9]  (1753), 1755,   p. 258–293;1755;I.27;309–339
E.220;Réflexions sur un probléme de géomètrie  traité par quelques géomètres et qui est  néanmoins impossible;Mém. Berlin [10]  (1754), 1756,   p. 173–199;1756;I.27;340–363
E.224;Avertissement  Mém. Berlin [10]  (1754), 1756,   p. 346;Avertissement  Mém. Berlin [10]  (1754), 1756,   p. 346;1756;I.27;364–364
E.298;De insigni promotione methodi tangentium  inversae;N. Comm. Ac. Petrop.  10 (1764), 1766,   p. 135–155;1766;I.27;365–383
E.300;Demonstratio theorematis Bernoulliani  quod ex evolutione curvae cuiuscunque  rectangulae in infinitum continuata tandem  cycloides nascantur;N. Comm. Ac. Petrop.  10 (1764), 1766,   p. 179–198;1766;I.27;384–400
P.131;Einleitung: Übersicht über die im Bande 28  der ersten Serie enthaltenen Abhandlungen  (Andreas Speiser);Einleitung: Übersicht über die im Bande 28  der ersten Serie enthaltenen Abhandlungen  (Andreas Speiser);1955;I.28;VII–XLIV
E.333;Recherches sur la courbure des surfaces  Mém. Berlin [16]  (1760), 1767,   p. 119–143;Recherches sur la courbure des surfaces  Mém. Berlin [16]  (1760), 1767,   p. 119–143;1767;I.28;001–022
E.346;De arcubus curvarum aeque amplis  earumque comparatione;N. Comm. Ac. Petrop.  12 (1766/7), 1768,   p. 17–41;1768;I.28;023–040
E.368;De curva hypergeometrica hac aequatione  egpressa  1 2 3 y x = ⋅ ⋅ ⋅ ⋅ …;N. Comm. Ac. Petrop.  13 (1768), 1769,   p. 3–66;1769;I.28;041–098
E.390;Considerationes de traiectoriis  orthogonalibus;N. Comm. Ac. Petrop.  14 (1769): I, 1770,   p. 104–128;1770;I.28;099–119
E.392;Evolutio insignis paradoxi circa  aequalitatem superficierum;N. Comm. Ac. Petrop.  14 (1769): I, 1770,   p. 46–71;1770;I.28;120–141
E.408;De curva rectificabili in superficie sphaerica  N. Comm. Ac. Petrop.  15 (1770), 1771,   p. 195–216;De curva rectificabili in superficie sphaerica  N. Comm. Ac. Petrop.  15 (1770), 1771,   p. 195–216;1771;I.28;142–160
E.419;De solidis quorum superficiem in planum  explicare licet;N. Comm. Ac. Petrop.  16 (1771), 1772,   p. 3–34;1772;I.28;161–186
E.422;Problematis cuiusdam geometrici prorsus  singularis evolutio;N. Comm. Ac. Petrop.  16 (1771), 1772,   p. 140–159;1772;I.28;187–204
E.423;Considerationes cyclometricae  N. Comm. Ac. Petrop.  16 (1771), 1772,   p. 160–170;Considerationes cyclometricae  N. Comm. Ac. Petrop.  16 (1771), 1772,   p. 160–170;1772;I.28;205–214
E.433;Digressio de traiectoriis tam orthogonalibus  quam obliquangulis;N. Comm. Ac. Petrop.  17 (1772), 1773,   p. 205–248;1773;I.28;215–247
E.490;De repraesentatione superficiei sphaericae  super plano;Acta Ac. Petrop. 1777:  I, 1778, p. 107–132;1778;I.28;248–275
E.491;De proiectione geographica superficiei  sphaericae;Acta Ac. Petrop. 1777:  I, 1778, p. 133–142;1778;I.28;276–287
E.492;De proiectione geographica de Lisliana in  mappa generali imperii russici usitata;Acta Ac. Petrop. 1777:  I, 1778, p. 143–153;1778;I.28;288–297
E.513;De curvis triangularibus  Acta Ac. Petrop. 1778:  II, 1781, p. 3–30;De curvis triangularibus  Acta Ac. Petrop. 1778:  II, 1781, p. 3–30;1781;I.28;298–321
E.563;De ellipsi minima dato parallelogrammo  rectangulo circumscribenda;Acta Ac. Petrop. 1780:  II, 1784, p. 3–17;1784;I.28;322–335
E.574;De curvis rectificabilibus in superficie coni  recti ducendis;Acta Ac. Petrop. 1781:  I, 1784, p. 60–73;1784;I.28;336–347
E.602;Methodus facilis omnia symptomata  linearum curvarum non in eodem plano  sitarum investigandi;Acta Ac. Petrop. 1782:  I, 1786, p. 19–57;1786;I.28;348–381
P.132;Einleitung: Übersicht über die im Bande 29  der ersten Serie enthaltenen Abhandlungen  (Andreas Speiser);Einleitung: Übersicht über die im Bande 29  der ersten Serie enthaltenen Abhandlungen  (Andreas Speiser);1956;I.29;VII–XLII
E.604;De traiectoriis reciprocis tam rectangulis  quam obliquangulis;Acta Ac. Petrop. 1752:  II, 1786, p. 3–33;1786;I.29;001–027
E.609;Considerationes super traiectoriis tam  rectangulis quam obliquangulis;N. Acta Ac. Petrop. 1  (1783), 1787, p. 3–46;1787;I.29;028–071
E.611;Investigatio curvarum quae similes sint suis  evolutis vel primis vel secundis vel tertiis vel  adeo ordinis cuiuscunque;N. Acta Ac. Petrop. 1  (1783), 1787,   p. 75–116;1787;I.29;072–111
E.623;De lineis rectificabilibus in superficie  sphaeroidica quacunque geometrice  ducendis;N. Acta Ac. Petrop. 3  (1785), 1788, p. 57–68;1788;I.29;112–125
E.646;De duabus pluribusve curvis algebraicis in  quibus si a terminis fixis aequales arcus  abscindantur eorum amplitudines datam  inter se teneant rationem;N. Acta Ac. Petrop. 6  (1788), 1790, p. 63–76;1790;I.29;126–138
E.647;De methodo tangentium inversa ad  theoriam solidorum translata;N. Acta Ac. Petrop. 6  (1788), 1790, p. 77–94;1790;I.29;139–155
E.654;Methodus facilis investigandi radium osculi  ex principio maximorum et minimorum  petita;N. Acta Ac. Petrop. 7  (1789), 1793, p. 83–86;1793;I.29;156–160
E.665;Evolutio problematis cuius solutio analytica  est difficillima dum synthetica per se est  obvia;N. Acta Ac. Petrop. 8  (1790), 1794, p. 73–86;1794;I.29;161–175
E.666;Problema geometricum ob singularia  symptomata imprimis memorabile;N. Acta Ac. Petrop. 8  (1790), 1794,   p. 87–115;1794;I.29;176–203
E.667;De curvis hyperbolicis quae intra suas  assymtotas spatium finitum includunt;N. Acta Ac. Petrop. 8  (1790), 1794,   p. 116–139;1794;I.29;204–225
E.691;Problema geometricum quo inter omnes  ellipses quae per data quatuor puncta  traduci possunt ea quaeritur quae habet  aream minimam;N. Acta Ac. Petrop. 9  (1791), 1795,   p. 132–145;1795;I.29;226–238
E.692;Solutio problematis maxime curiosi quo  inter omnes ellipses quae circa datum  triangulum circumscribi possunt ea  quaeritur cuius area sit omnium minima;N. Acta Ac. Petrop. 9  (1791), 1795,   p. 146–153;1795;I.29;239–246
E.697;Investigatio superficierum quarum normales  ad datum planum productae sint omnes  inter se aequales;N. Acta Ac. Petrop. 10  (1792), 1797, p. 41–46;1797;I.29;247–252
E.698;Variae speculationes super area  triangulorum sphaericorum;N. Acta Ac. Petrop. 10  (1792), 1797, p. 47–62;1797;I.29;253–266
E.712;De corporibus cylindricis incurvatis  N. Acta Ac. Petrop. 12  (1794), 1801,   p. 91–100;De corporibus cylindricis incurvatis  N. Acta Ac. Petrop. 12  (1794), 1801,   p. 91–100;1801;I.29;267–275
E.757;De problemate traiectoriarum  orthogonalium ad superficies translato;Mém. Ac. Pét. 7  (1815/16), 1820,   p. 33–60;1820;I.29;276–308
E.767;De curvis quarum radii osculi tenent  rationem duplicatam distantiae a puncto  fixo earumque mirabilibus proprietatibus;Mém. Ac. Pét. 9  (1819/20), 1824,   p. 47–56;1824;I.29;309–319
E.771;Solutio trium problematum difficiliorum ad  methodum tangentium inversam  pertinentium;Mém. Ac. Pét. 10  (1821/22), 1826,   p. 16–26;1830;I.29;320–333
E.814;Institutionum calculi differentialis sectio III  (ˇContents);Opera postuma 1,  1862, p. 342–402;1862;I.29;334–429
E.815;Problematis ex theoria maximorum et  minimorum solutio;Opera postuma 1,  1862, p. 402–407;1862;I.29;430–436
E.819a;Fragmenta 97, 98, 99 ex Adversariis  mathematicis deprompta;Opera postuma 1,  1862, p. 494–496;1862;I.29;437–442
E.819g;Fragmenta 110 ex Adversariis mathematicis  deprompta;Opera postuma 1,  1862, p. 514–516;1862;I.29;443–446
I.111;Index nominum (I.26–29);;1956;I.29;447–448
